date,time,health_score,issues
2026-01-16,09:16,80,"Uncommitted changes (7). Output files piling up (22). Negative velocity. "
2026-01-16,10:19,90,"Negative velocity. "
2026-01-16,18:08,90,"CI build rate warning (70%). Uncommitted changes (16). "
2026-01-17,08:40,90,"Version mismatch. "
2026-01-17,11:26,95,"CI build rate warning (85%). "
2026-01-17,16:16,95,"CI build rate warning (75%). "
2026-01-17,17:39,90,"Negative velocity. "
2026-01-17,18:05,75,"CI build rate low (50%). Uncommitted changes (6). Negative velocity. "
2026-01-17,19:49,75,"CI build rate low (50%). Uncommitted changes (15). Negative velocity. "
2026-01-17,23:07,75,"CI build rate low (30%). Uncommitted changes (16). Negative velocity. "
